Comment_Created_UTC,Comment_Body,Comment_Score,Post_Created_UTC,Post,Post_Score,Post_Num_Comments,Post_URL
2024-01-10 15:31:58,I think what kills apple cal for me is that my reminders don‚Äôt show up in it like with other apps. No clue why Apple doesn‚Äôt allow for this,126,2024-01-10 14:22:17,Why Apple? Ios calendar vs samsung calendar,760,200,https://i.redd.it/6iu3z37qgmbc1.jpeg
2024-01-10 14:45:59,I wish there was a compromise between the two. iOS cal is useless for getting info at a mere glance. Samsung is overwhelming. Can there be something ‚Äúin between‚Äù please?,304,2024-01-10 14:22:17,Why Apple? Ios calendar vs samsung calendar,760,200,https://i.redd.it/6iu3z37qgmbc1.jpeg
2024-01-10 19:20:46,Use Google calendar. Or better yet: Fantastical,9,2024-01-10 14:22:17,Why Apple? Ios calendar vs samsung calendar,760,200,https://i.redd.it/6iu3z37qgmbc1.jpeg
2024-01-10 14:47:29,"Your constructive feedback is very much appreciated here:

https://www.apple.com/feedback/calendar/",108,2024-01-10 14:22:17,Why Apple? Ios calendar vs samsung calendar,760,200,https://i.redd.it/6iu3z37qgmbc1.jpeg
2024-01-10 15:33:19,Fantastical,35,2024-01-10 14:22:17,Why Apple? Ios calendar vs samsung calendar,760,200,https://i.redd.it/6iu3z37qgmbc1.jpeg
2024-01-10 16:34:29,"Calendar (and Contacts)  is overdue for a major refresh. I was hoping it would be last year (after Notes and Reminders the years before), but alas it was not. I happily pay for Fantastical but its pretty embarrassing that iOS Calendar has basically been untouched since the early days of iOS.",21,2024-01-10 14:22:17,Why Apple? Ios calendar vs samsung calendar,760,200,https://i.redd.it/6iu3z37qgmbc1.jpeg
2024-01-10 19:43:26,"I yearn for a day where everything across iOS is integrated with the calendar. When you think about it, all of the content across every app has a timestamp, and it would be awesome to see it all show up in a unified calendar. Reminders, messages, photos, notes, music, emails, weather, files, hell, even voicemails! All of it has a date attached to it somehow. The calendar app should be a life planner and digital diary, where everything on your phone is magically sorted by date and time. 

Obviously, this should be an ‚Äúa la carte‚Äù opt-in system, where each user can filter only the content they want to see. The new journal app is getting close to this, but it‚Äôs not quite the same as seeing your whole calendar.",20,2024-01-10 14:22:17,Why Apple? Ios calendar vs samsung calendar,760,200,https://i.redd.it/6iu3z37qgmbc1.jpeg
2024-01-10 17:41:43,"The fact that the mac os default calendar has natural language input and the iOS version doesn't, it should be way more in the public eye.",6,2024-01-10 14:22:17,Why Apple? Ios calendar vs samsung calendar,760,200,https://i.redd.it/6iu3z37qgmbc1.jpeg
2024-01-10 19:29:48,android having better ui than ios is concerning and makes me wonder if apple became too lazy,4,2024-01-10 14:22:17,Why Apple? Ios calendar vs samsung calendar,760,200,https://i.redd.it/6iu3z37qgmbc1.jpeg
2024-01-10 14:44:58,"The Samsung calendar looks as non-functional as the native Apple calendar.  Instead of a dot on the day, you have colored lines.  Check out Google Calendar if your data is already in Google‚Äôs cloud.   I really like it.  An alternative would be Fantastical.  I‚Äôve used it before and it is also great.",19,2024-01-10 14:22:17,Why Apple? Ios calendar vs samsung calendar,760,200,https://i.redd.it/6iu3z37qgmbc1.jpeg
2024-01-10 20:06:58,I hate that Apple could remind me the day before an event at 5 pm and they changed it to 9 am the day of event. Total flaw in that especially if it‚Äôs all day event but maybe starts at 7 am but you won‚Äôt get the alert until 9 am.,3,2024-01-10 14:22:17,Why Apple? Ios calendar vs samsung calendar,760,200,https://i.redd.it/6iu3z37qgmbc1.jpeg
2024-01-10 16:11:50,"Both useless calendars. 

Use Fantastical and you'll be happy.",7,2024-01-10 14:22:17,Why Apple? Ios calendar vs samsung calendar,760,200,https://i.redd.it/6iu3z37qgmbc1.jpeg
2024-01-10 16:54:09,cuz fuck you thats why. Welcome to the Apple Eco system.,4,2024-01-10 14:22:17,Why Apple? Ios calendar vs samsung calendar,760,200,https://i.redd.it/6iu3z37qgmbc1.jpeg
2024-01-10 19:47:15,"I found a new app called Amie which is amazing. It integrated directly with Things 3 so I can drag my tasks into my calendar to play my day. Beautiful UI, and the dev team update it multiple times a week with new features.",2,2024-01-10 14:22:17,Why Apple? Ios calendar vs samsung calendar,760,200,https://i.redd.it/6iu3z37qgmbc1.jpeg
2024-01-11 05:19:37,"Found out recently, on my new iPhone, you can't share a cal item nor import a simple csv file. You have to manually enter your cal item. Pretty useless",2,2024-01-10 14:22:17,Why Apple? Ios calendar vs samsung calendar,760,200,https://i.redd.it/6iu3z37qgmbc1.jpeg
2024-01-11 10:00:31,"""why"" what?! Thrilling discussion OP!",2,2024-01-10 14:22:17,Why Apple? Ios calendar vs samsung calendar,760,200,https://i.redd.it/6iu3z37qgmbc1.jpeg
2024-01-10 15:30:50,"I honestly dislike the Samsung calendar as there is no added benefit to this. If I have to check the times anyway, I don‚Äôt need three lines with the same colour. Give me a dot for each calendar I hit a event in and it‚Äôs fine. 
Given the choice, I‚Äôd take apples calmness over this mess",6,2024-01-10 14:22:17,Why Apple? Ios calendar vs samsung calendar,760,200,https://i.redd.it/6iu3z37qgmbc1.jpeg
2024-01-10 15:03:46,"I fail to see the problem?  Other than the iOS one is showing the wrong date?  I like how Samsungs looks like it's showing the number of events and color coding for what calendar they are on for that day, similar to Google Calendar (the best calendar IME).",3,2024-01-10 14:22:17,Why Apple? Ios calendar vs samsung calendar,760,200,https://i.redd.it/6iu3z37qgmbc1.jpeg
2024-01-10 15:35:54,"It seems that people cannot understand basic UI design. Love the samsung idea: an event on my calendar which I have marked as blue: one blue line. Another event on my yellow calendar: a yellow line, etc. 

&#x200B;

love it",3,2024-01-10 14:22:17,Why Apple? Ios calendar vs samsung calendar,760,200,https://i.redd.it/6iu3z37qgmbc1.jpeg
2024-01-10 16:49:23,This is why I use google calendar,2,2024-01-10 14:22:17,Why Apple? Ios calendar vs samsung calendar,760,200,https://i.redd.it/6iu3z37qgmbc1.jpeg
2024-01-10 14:55:42,"Samsung calendar looks cluttered. Is the color coding based on calendar or events? 

Also, I prefer what Google Calendar does. It so much more simpler. Just dots but they‚Äôre color coded according to the calendar.",2,2024-01-10 14:22:17,Why Apple? Ios calendar vs samsung calendar,760,200,https://i.redd.it/6iu3z37qgmbc1.jpeg
2024-01-10 15:52:37,Samsung calendar looks terrible and unorganized..,1,2024-01-10 14:22:17,Why Apple? Ios calendar vs samsung calendar,760,200,https://i.redd.it/6iu3z37qgmbc1.jpeg
2024-01-10 16:16:58,"I don‚Äôt know why people find Apple calendar complicated or useless. It‚Äôs easily readable, it‚Äôs fully integrated into the ecosystem so much so that Apple Maps suggests you directions if you have an upcoming event with location setting. 

There two main views; ‚Äúdays view‚Äù or ‚Äúmonths view‚Äù. 

First one lets you scroll through the upcoming events on populated days, second one shows you upcoming events on populated months and weeks. I prefer the latter. 

And you zoom in and out from years to months to days.",1,2024-01-10 14:22:17,Why Apple? Ios calendar vs samsung calendar,760,200,https://i.redd.it/6iu3z37qgmbc1.jpeg
2024-01-10 16:09:28,I prefer the iOS version,1,2024-01-10 14:22:17,Why Apple? Ios calendar vs samsung calendar,760,200,https://i.redd.it/6iu3z37qgmbc1.jpeg
2024-01-10 16:37:05,Lmao it‚Äôs hilarious how everyone is catching Apple‚Äôs dumbness,1,2024-01-10 14:22:17,Why Apple? Ios calendar vs samsung calendar,760,200,https://i.redd.it/6iu3z37qgmbc1.jpeg
2024-01-10 15:21:57,"Wait, actually putting visual information on the screen? How unintuitive.",1,2024-01-10 14:22:17,Why Apple? Ios calendar vs samsung calendar,760,200,https://i.redd.it/6iu3z37qgmbc1.jpeg
2024-01-10 16:33:20,"Fantastical. 

But, other than knowing you have multiple calendar entries on a given day (which without times/length isn‚Äôt all that helpful), what extra info is the Samsung calendar really providing? I‚Äôd still need to look weekly/daily view to know times and what the appointment was. It‚Äôs like a tiny, not *all* that useful extra bit of information.",1,2024-01-10 14:22:17,Why Apple? Ios calendar vs samsung calendar,760,200,https://i.redd.it/6iu3z37qgmbc1.jpeg
2024-01-10 19:56:11,"I prefer the Apple way, Samsung seems way to cluttered.",0,2024-01-10 14:22:17,Why Apple? Ios calendar vs samsung calendar,760,200,https://i.redd.it/6iu3z37qgmbc1.jpeg
2024-01-10 14:50:53,The Samsung one still shows zero information about the events. Both useless.,-6,2024-01-10 14:22:17,Why Apple? Ios calendar vs samsung calendar,760,200,https://i.redd.it/6iu3z37qgmbc1.jpeg
2024-01-10 14:38:51,"Samsung looks a mess. What do the days represent? I‚Äôm assuming the 11th has 3 events and one is marked important? It all just looks so cluttered and busy, with iOS, it‚Äôs all nice little dots, tap on the day to see the full list of events. So much nicer I think",-6,2024-01-10 14:22:17,Why Apple? Ios calendar vs samsung calendar,760,200,https://i.redd.it/6iu3z37qgmbc1.jpeg
2024-01-10 16:36:23,Y‚Äôall will complain about anything,-1,2024-01-10 14:22:17,Why Apple? Ios calendar vs samsung calendar,760,200,https://i.redd.it/6iu3z37qgmbc1.jpeg
2024-01-10 15:07:46,I use WeekCal. I really love how that looks with the week overview. I tried iOS calendar but just can‚Äôt get used to it,0,2024-01-10 14:22:17,Why Apple? Ios calendar vs samsung calendar,760,200,https://i.redd.it/6iu3z37qgmbc1.jpeg
2024-01-10 15:22:19,I miss this so much. Because of the oversight I have to have a large widget on my home screen so that I can see all my meetings (I've got four different calendars as I have multiple logins to client systems).,0,2024-01-10 14:22:17,Why Apple? Ios calendar vs samsung calendar,760,200,https://i.redd.it/6iu3z37qgmbc1.jpeg
2024-01-10 16:23:58,I use minical. It has a really nice widget too,0,2024-01-10 14:22:17,Why Apple? Ios calendar vs samsung calendar,760,200,https://i.redd.it/6iu3z37qgmbc1.jpeg
2024-01-10 16:42:49,"See what you think of Across Calendar. 

https://apps.apple.com/au/app/across-modern-calendar/id6444851827",0,2024-01-10 14:22:17,Why Apple? Ios calendar vs samsung calendar,760,200,https://i.redd.it/6iu3z37qgmbc1.jpeg
2024-01-10 16:47:36,Samsung calendar shows events' titles,0,2024-01-10 14:22:17,Why Apple? Ios calendar vs samsung calendar,760,200,https://i.redd.it/6iu3z37qgmbc1.jpeg
2024-01-10 16:47:40,Supershift Kalender  üëèüèª best,0,2024-01-10 14:22:17,Why Apple? Ios calendar vs samsung calendar,760,200,https://i.redd.it/6iu3z37qgmbc1.jpeg
2024-01-10 16:53:30,'Calendars: Organizer & Planner' is a pretty good alternative on iOS,0,2024-01-10 14:22:17,Why Apple? Ios calendar vs samsung calendar,760,200,https://i.redd.it/6iu3z37qgmbc1.jpeg
2024-01-10 16:58:50,Yeah this is so stupid,0,2024-01-10 14:22:17,Why Apple? Ios calendar vs samsung calendar,760,200,https://i.redd.it/6iu3z37qgmbc1.jpeg
2024-01-10 17:02:21,In this case I actually prefer iOS calendar.  I just need to know if I have any appointments today. If I do I can examine further.,0,2024-01-10 14:22:17,Why Apple? Ios calendar vs samsung calendar,760,200,https://i.redd.it/6iu3z37qgmbc1.jpeg
2024-01-10 22:04:28,Samsung software today is actually really good. Last year I switched from a iPhone 14 Plus to the Galaxy S23 Plus and I switched from Apple notes to Samsung Notes was when I realized how Apple Notes is barebones and does not support basic functions such as undo. Samsung Notes supports the undo function which is a godsend. I wish Samsung supported Notes on other platforms which I don't think is exactly out of the question maybe. Samsung recently brought Samsung Internet to Windows a couple months. Samsung Internet on mobile is great.,0,2024-01-10 14:22:17,Why Apple? Ios calendar vs samsung calendar,760,200,https://i.redd.it/6iu3z37qgmbc1.jpeg
2024-01-11 06:43:13,"Personally, I don't need a calendar with a lot of functions, I find Apple's calendar perfect for what I use it for, plus it comes with all my devices and synchronizes immediately.",0,2024-01-10 14:22:17,Why Apple? Ios calendar vs samsung calendar,760,200,https://i.redd.it/6iu3z37qgmbc1.jpeg
2024-01-10 14:36:03,Why what? Why does Calendar look clean and the Samsung thing a mess?,-8,2024-01-10 14:22:17,Why Apple? Ios calendar vs samsung calendar,760,200,https://i.redd.it/6iu3z37qgmbc1.jpeg
2024-01-10 15:11:14,This is a completely facetious question because they are not comparable or even on the same OS.,-3,2024-01-10 14:22:17,Why Apple? Ios calendar vs samsung calendar,760,200,https://i.redd.it/6iu3z37qgmbc1.jpeg
2024-01-10 15:59:01,please god why cant there be a big calender widget on iphone like the google calender widget with full month and little text :(,1,2024-01-10 14:22:17,Why Apple? Ios calendar vs samsung calendar,760,200,https://i.redd.it/6iu3z37qgmbc1.jpeg
2024-01-10 17:08:13,"Someone in this sub mentioned to use the ‚Äúminical‚Äù app, and it was the best suggestion I‚Äôve had. It‚Äôs so much better than the default calendar app and it‚Äôs free",1,2024-01-10 14:22:17,Why Apple? Ios calendar vs samsung calendar,760,200,https://i.redd.it/6iu3z37qgmbc1.jpeg
2024-01-10 17:11:52,Why samsung?,1,2024-01-10 14:22:17,Why Apple? Ios calendar vs samsung calendar,760,200,https://i.redd.it/6iu3z37qgmbc1.jpeg
2024-01-10 17:21:54,"I use minical, it has what i need - large monthly calendar widget that show my events each day (with texts too)!",1,2024-01-10 14:22:17,Why Apple? Ios calendar vs samsung calendar,760,200,https://i.redd.it/6iu3z37qgmbc1.jpeg
2024-01-10 17:23:08,The Samsung calendar shows different colours for different calendars. You can swipe/switch between a compact view with a line per event and an expanded view for the whole month showing an overview on items per month.,1,2024-01-10 14:22:17,Why Apple? Ios calendar vs samsung calendar,760,200,https://i.redd.it/6iu3z37qgmbc1.jpeg
2024-01-10 17:23:36,"Apple‚Äôs single dot is fine with me. I know I have something on that day. If I did need to know how many events were on a single day or which calendar those events were on, I like the lines in this screenshot better than the multiple colored dots in the Fantastical app.",1,2024-01-10 14:22:17,Why Apple? Ios calendar vs samsung calendar,760,200,https://i.redd.it/6iu3z37qgmbc1.jpeg
2024-01-10 18:03:21,I love calendar app on Mac OS since it shows event title. But they need to display it on iOS. Google calendar does this but it looks kinda dull.,1,2024-01-10 14:22:17,Why Apple? Ios calendar vs samsung calendar,760,200,https://i.redd.it/6iu3z37qgmbc1.jpeg
2024-01-10 18:16:52,I have never understood either of these,1,2024-01-10 14:22:17,Why Apple? Ios calendar vs samsung calendar,760,200,https://i.redd.it/6iu3z37qgmbc1.jpeg
2024-01-10 18:46:46,Apple living the future,1,2024-01-10 14:22:17,Why Apple? Ios calendar vs samsung calendar,760,200,https://i.redd.it/6iu3z37qgmbc1.jpeg
2024-01-10 18:57:20,I like it to be honest.,1,2024-01-10 14:22:17,Why Apple? Ios calendar vs samsung calendar,760,200,https://i.redd.it/6iu3z37qgmbc1.jpeg
2024-01-10 19:07:55,"I wish I don‚Äôt need to click into anything to see what‚Äôs on that date

I wish there is an app that use the entire screen for month view and show keywords under the date",1,2024-01-10 14:22:17,Why Apple? Ios calendar vs samsung calendar,760,200,https://i.redd.it/6iu3z37qgmbc1.jpeg
2024-01-10 20:53:36,Time Tree anyone?,1,2024-01-10 14:22:17,Why Apple? Ios calendar vs samsung calendar,760,200,https://i.redd.it/6iu3z37qgmbc1.jpeg
2024-01-10 23:36:55,This is why I switched to Cron/Google Calendar,1,2024-01-10 14:22:17,Why Apple? Ios calendar vs samsung calendar,760,200,https://i.redd.it/6iu3z37qgmbc1.jpeg
2024-01-11 00:54:15,"Both are bad. Month view is supposed to be a summarized view of the whole month. Only google calendar does this right, you can basically see ALL the events laid out for you. Apple just shows dots and samsung just shows lines.",1,2024-01-10 14:22:17,Why Apple? Ios calendar vs samsung calendar,760,200,https://i.redd.it/6iu3z37qgmbc1.jpeg
2024-01-11 01:16:48,Outlook is quite good. I like combining my mail and calendar apps into one.,1,2024-01-10 14:22:17,Why Apple? Ios calendar vs samsung calendar,760,200,https://i.redd.it/6iu3z37qgmbc1.jpeg
2024-01-11 02:20:33,"Does anyone else's Samsung calendar not look like this? I just checked mine on my S22, and it looks very similar to Google Calendar. I used to use Google but switched back to Samsung after they became nearly the same thing.

Edit: If you swipe up on the month view of the Samsung calendar app, you get the view shown in the picture with the hidden event names. People are taking this image as the epitome of the Samsung calendar, but in reality, it seems to have all the same features as Google.",1,2024-01-10 14:22:17,Why Apple? Ios calendar vs samsung calendar,760,200,https://i.redd.it/6iu3z37qgmbc1.jpeg
2024-01-11 03:00:09,Fantastical. Love it.,1,2024-01-10 14:22:17,Why Apple? Ios calendar vs samsung calendar,760,200,https://i.redd.it/6iu3z37qgmbc1.jpeg
2024-01-11 04:12:10,"Yep, those stupid dots drive me mad. Just make it like it is on android where you can actually see what it is without having to tap on a specific day",1,2024-01-10 14:22:17,Why Apple? Ios calendar vs samsung calendar,760,200,https://i.redd.it/6iu3z37qgmbc1.jpeg
2024-01-11 05:25:31,they all still look like original symbian OS calendar,1,2024-01-10 14:22:17,Why Apple? Ios calendar vs samsung calendar,760,200,https://i.redd.it/6iu3z37qgmbc1.jpeg
2024-01-11 06:51:03,I discovered across to be really useful as calendar widget,1,2024-01-10 14:22:17,Why Apple? Ios calendar vs samsung calendar,760,200,https://i.redd.it/6iu3z37qgmbc1.jpeg
2024-01-11 06:54:22,There‚Äôs a view that gives you more details.,1,2024-01-10 14:22:17,Why Apple? Ios calendar vs samsung calendar,760,200,https://i.redd.it/6iu3z37qgmbc1.jpeg
2024-01-11 12:40:47,The color scheme on Samsung looks like it was suggested by ChatGPT,1,2024-01-10 14:22:17,Why Apple? Ios calendar vs samsung calendar,760,200,https://i.redd.it/6iu3z37qgmbc1.jpeg
2024-01-11 12:54:19,I use google calendar app on ios much better,1,2024-01-10 14:22:17,Why Apple? Ios calendar vs samsung calendar,760,200,https://i.redd.it/6iu3z37qgmbc1.jpeg
2024-01-11 13:22:29,"One is simplified, one is more functional, that generally compares apple vs android actually, apple simplicity, android functionality",1,2024-01-10 14:22:17,Why Apple? Ios calendar vs samsung calendar,760,200,https://i.redd.it/6iu3z37qgmbc1.jpeg
